# meta:{"asset":"BTC","quote":"USDT","market":"spot","granularity":"1h","source":"fixture:lcg-seed-42","startTs":1714521600000,"endTs":1716246000000}
timestamp,open,high,low,close,volume,fundingRate
1714521600000,50000,50027.05561145209,49888.16727115773,49937.70786939189,360.79609943553805,
1714525200000,49937.70786939189,49940.855338657275,49828.03745016456,49830.64874654636,404.91008469834924,
1714528800000,49830.64874654636,49833.62466446124,49563.254156066105,49606.06440825388,157.79840657487512,
1714532400000,49606.06440825388,49645.246481541544,49367.37035389058,49402.87629490718,881.7450067959726,
1714536000000,49402.87629490718,49410.939635410905,49201.9356567692,49252.54361946136,514.9680212140083,
1714539600000,49252.54361946136,49304.085602127016,49030.860216161236,49080.338821616024,789.2233113758266,
1714543200000,49080.338821616024,49083.32577947527,48885.71981458925,48889.71546014771,1069.2494035698473,
1714546800000,48889.71546014771,48903.85568950325,48636.52926287614,48688.53200113401,517.6445323973894,
1714550400000,48688.53200113401,48705.858739670366,48485.16859910451,48488.35371932015,363.7741048820317,
1714554000000,48488.35371932015,48531.17338639684,48329.3187775556,48381.29588859156,397.2248657606542,
1714557600000,48381.29588859156,48436.84691221453,48241.76711297594,48285.3716352582,973.6264030449092,
1714561200000,48285.3716352582,48325.62885342166,48047.50387731008,48094.74036294967,144.57453964278102,
1714564800000,48094.74036294967,48138.78275188431,48094.72830295563,48124.06009771675,1004.9933468922973,
1714568400000,48124.06009771675,48139.58467820287,48120.06858105585,48138.37995893881,967.8099359385669,
1714572000000,48138.37995893881,48221.58934203349,48132.68354934268,48191.45269200578,630.9861418791115,
1714575600000,48191.45269200578,48276.14550988376,48148.92143800296,48275.95308066532,611.1692044883966,
1714579200000,48275.95308066532,48374.80573417619,48217.52472754754,48352.9938788712,976.1416380293667,
1714582800000,48352.9938788712,48417.49526091665,48309.380547655746,48392.672044511884,842.0427836477757,
1714586400000,48392.672044511884,48438.15348792635,48327.15979943611,48375.111350767314,769.5144069381058,
1714590000000,48375.111350767314,48394.60838344321,48331.24130644463,48375.729454685,1045.7082506269217,
1714593600000,48375.729454685,48429.43244789168,48346.71090963483,48358.30525604263,812.5861188396811,
1714597200000,48358.30525604263,48404.47267779149,48357.53331195749,48392.758479863405,874.6356995776296,
1714600800000,48392.758479863405,48435.83214366622,48344.665454663336,48418.913307290524,415.50457142293453,
1714604400000,48418.913307290524,48468.942939924076,48417.39153116755,48420.629313007,335.31425232067704,
1714608000000,48420.629313007,48522.68135052547,48392.89935132116,48482.85350669548,565.5450521968305,
1714611600000,48482.85350669548,48523.06913564354,48416.0684390571,48460.760137263685,834.1465391218662,
1714615200000,48460.760137263685,48497.60767044686,48396.70930190012,48455.5278095603,943.1072584353387,
1714618800000,48455.5278095603,48473.67716818862,48405.51244457252,48467.969418715686,262.01542131602764,
1714622400000,48467.969418715686,48545.14662851207,48448.65190005675,48524.97404265776,603.0376594513655,
1714626000000,48524.97404265776,48660.55158422701,48473.487070869654,48611.28686672449,716.7907170020044,
1714629600000,48611.28686672449,48711.810105649754,48590.07668270171,48657.18483786285,330.9361109510064,
1714633200000,48657.18483786285,48687.33612895012,48628.09127413854,48670.295823179185,967.9032963700593,
1714636800000,48670.295823179185,48729.59612469934,48645.53715276532,48729.193092256784,188.2732318714261,
1714640400000,48729.193092256784,48763.96846379712,48683.60278538242,48749.42959604412,418.45501251518726,
1714644000000,48749.42959604412,48782.626991808414,48728.74324383587,48733.2366149351,240.33835800364614,
1714647600000,48733.2366149351,48827.06035489403,48705.98157361522,48815.80868289992,1073.386274650693,
1714651200000,48815.80868289992,48866.388809375465,48793.78410536796,48798.238863274455,578.0538529157639,
1714654800000,48798.238863274455,48872.43992568739,48769.24291899428,48826.48057895526,282.4146630242467,
1714658400000,48826.48057895526,48902.739158231765,48806.19104423374,48900.38668205589,312.6476941630244,
1714662000000,48900.38668205589,49007.1695555225,48864.57591130957,48962.264234595,305.6591580621898,
1714665600000,48962.264234595,48964.42486996204,48917.55311937258,48946.12277374789,364.76024091243744,
1714669200000,48946.12277374789,49064.66609438881,48899.755028227344,49029.40657408908,322.6419900543988,
1714672800000,49029.40657408908,49044.978371568024,48990.374026019126,49037.972002744675,176.28101436421275,
1714676400000,49037.972002744675,49137.66469782777,48978.056813467294,49090.15657230839,1065.2257161214948,
1714680000000,49090.15657230839,49200.88328740001,49088.44709036499,49159.79144446924,155.645564571023,
1714683600000,49159.79144446924,49213.249722369015,49096.712379299104,49145.49377824366,570.7042588852346,
1714687200000,49145.49377824366,49153.22225302644,49074.08342986368,49125.94667587429,715.3697003610432,
1714690800000,49125.94667587429,49254.239136816934,49115.28789036907,49196.05059268698,122.87579840049148,
1714694400000,49196.05059268698,49318.55850323662,49148.76115225069,49263.1453721188,1098.7275605089962,
1714698000000,49263.1453721188,49369.312347922474,49262.02435194142,49317.76033396274,164.3305378034711,
1714701600000,49317.76033396274,49335.12784565054,49307.79874639027,49320.914259471,835.9804734587669,
1714705200000,49320.914259471,49370.37661976367,49280.629587583244,49306.531342249364,754.1806990280747,
1714708800000,49306.531342249364,49364.77801649831,49285.23851933703,49303.567913424224,881.7949447780848,
1714712400000,49303.567913424224,49331.48817820288,49240.12179703079,49294.92656534165,644.0321057103574,
1714716000000,49294.92656534165,49369.61919195391,49283.13352334872,49364.673808425665,930.1303088665009,
1714719600000,49364.673808425665,49447.830891378224,49320.71066147089,49430.08839189261,239.5802921615541,
1714723200000,49430.08839189261,49459.76182425395,49421.38657882996,49443.992791734636,306.17990335449576,
1714726800000,49443.992791734636,49509.384953051805,49418.54488552548,49482.17913535237,606.9383257068694,
1714730400000,49482.17913535237,49534.44705998339,49410.25571439043,49464.266878046095,137.98452857881784,
1714734000000,49464.266878046095,49523.54892545752,49433.8353627231,49486.10114680976,941.7429481633008,
1714737600000,49486.10114680976,49535.181377282366,49339.20630332455,49365.52946929261,1026.2444083578885,
1714741200000,49365.52946929261,49387.68427832425,49090.280813634396,49131.44065145776,540.5099907889962,
1714744800000,49131.44065145776,49147.295161508024,48939.9174584765,48990.56417830661,1001.09699126333,
1714748400000,48990.56417830661,49010.97444118373,48729.05234341882,48770.15878927335,274.33438217267394,
1714752000000,48770.15878927335,48823.36072773114,48691.304088871926,48725.61199415848,205.23422248661518,
1714755600000,48725.61199415848,48742.07300743461,48566.04204978235,48594.33110578358,479.26485342904925,
1714759200000,48594.33110578358,48607.845191884786,48434.024312052876,48488.62448925525,840.5562275089324,
1714762800000,48488.62448925525,48537.77169476636,48379.23097801767,48399.52150769904,953.8843747228384,
1714766400000,48399.52150769904,48409.63815092482,48287.221356848255,48331.78913599253,324.5207289233804,
1714770000000,48331.78913599253,48379.215331789106,48246.01594952308,48270.467582553625,251.34542156010866,
1714773600000,48270.467582553625,48301.24643690325,48068.48248487711,48110.69633093104,839.6914740093052,
1714777200000,48110.69633093104,48146.52266650833,47896.455329110846,47946.65863452852,135.34075850620866,
1714780800000,47946.65863452852,48036.72359656729,47889.045290429145,47986.54340167716,852.5271479971707,
1714784400000,47986.54340167716,48057.429498862475,47986.06352129206,48040.829444061965,664.9271416477859,
1714788000000,48040.829444061965,48106.09473882057,48038.12192630954,48091.94673701003,1017.8178273141384,
1714791600000,48091.94673701003,48116.17700665817,48060.88926643878,48103.38947968185,528.3981742337346,
1714795200000,48103.38947968185,48145.165333297104,48073.46506234631,48092.73930032179,588.0722877569497,
1714798800000,48092.73930032179,48189.002986701205,48092.35620401241,48180.12906958535,183.3557704463601,
1714802400000,48180.12906958535,48222.2943963483,48133.73705381714,48210.697952732444,705.6101256981492,
1714806000000,48210.697952732444,48328.372884651646,48201.49972790852,48288.70824483037,532.0348654873669,
1714809600000,48288.70824483037,48322.20776668377,48262.13323882595,48295.10383618623,896.7117195948958,
1714813200000,48295.10383618623,48339.98810336366,48276.70692802034,48309.84112825617,608.7660797871649,
1714816800000,48309.84112825617,48383.670226560906,48304.137415004894,48381.30104365945,430.340763553977,
1714820400000,48381.30104365945,48412.15460800752,48322.36931995489,48371.90329061821,965.1341921649873,
1714824000000,48371.90329061821,48466.29206721485,48313.944236878306,48429.39974619821,414.16316190734506,
1714827600000,48429.39974619821,48468.97830202803,48377.81314406358,48453.94084274396,193.02003495395184,
1714831200000,48453.94084274396,48467.52839734219,48445.83609591797,48466.98205788061,946.6473538428545,
1714834800000,48466.98205788061,48566.156666550785,48411.82630268298,48546.48544454202,267.8586364723742,
1714838400000,48546.48544454202,48635.49258145504,48522.1658183001,48602.54791222513,754.3199075385928,
1714842000000,48602.54791222513,48696.19082139619,48560.40989652276,48652.6420888938,578.3612522296607,
1714845600000,48652.6420888938,48726.35429499298,48625.99870547466,48698.59821501747,161.9620280340314,
1714849200000,48698.59821501747,48757.659244354814,48660.16942141205,48701.23875705898,257.8327873721719,
1714852800000,48701.23875705898,48762.094993807375,48667.49016974494,48712.90541925654,986.9333527982235,
1714856400000,48712.90541925654,48819.2658052966,48710.61337305419,48805.76893763617,194.46383686736226,
1714860000000,48805.76893763617,48900.779420861974,48786.42716962844,48886.671821612865,561.4852243103087,
1714863600000,48886.671821612865,48982.594496631995,48855.85465539992,48941.501810118556,803.4281981177628,
1714867200000,48941.501810118556,49053.08570146002,48910.07561649755,48999.45454119146,798.0330273509026,
1714870800000,48999.45454119146,49085.006253441796,48975.72393453121,49026.76942211762,359.8076811991632,
1714874400000,49026.76942211762,49078.5247237701,49017.320322629064,49071.235773190856,1091.8729807250202,
1714878000000,49071.235773190856,49083.2132813707,49029.39782609977,49059.54515836015,279.77704107761383,
1714881600000,49059.54515836015,49155.32905186154,49046.02213326655,49115.62558589131,970.8000769838691,
1714885200000,49115.62558589131,49174.32215856761,49096.647653892636,49143.15821849182,509.7889247350395,
1714888800000,49143.15821849182,49161.62020732835,49091.31607029028,49149.42029803246,971.8781257048249,
1714892400000,49149.42029803246,49213.54419919662,49118.61784982681,49190.15937898308,557.8232001513243,
1714896000000,49190.15937898308,49270.958245692775,49132.91563051753,49230.58474295586,782.1677959524095,
1714899600000,49230.58474295586,49344.9135156963,49198.66823468171,49310.92273018882,857.9235532321036,
1714903200000,49310.92273018882,49372.70580529608,49297.57578909956,49340.8626334779,218.29223856329918,
1714906800000,49340.8626334779,49356.012537946925,49289.52001032792,49352.623501393944,698.9987826906145,
1714910400000,49352.623501393944,49490.05544778891,49337.537050304934,49443.76002769917,757.1406750008464,
1714914000000,49443.76002769917,49523.75578193739,49389.05346184969,49504.473444473,546.1740520782769,
1714917600000,49504.473444473,49592.22733185254,49461.103044057265,49573.37428632751,462.92694648727775,
1714921200000,49573.37428632751,49613.733592327684,49523.67846901901,49555.81965202838,644.24106515944,
1714924800000,49555.81965202838,49628.40456437506,49508.92376097292,49603.638483688235,614.9513888172805,
1714928400000,49603.638483688235,49653.84720859118,49577.52144442126,49650.298776011914,112.07362720742822,
1714932000000,49650.298776011914,49690.67314893007,49586.995068376884,49629.83879665658,547.2999083809555,
1714935600000,49629.83879665658,49669.25170716643,49557.4422103595,49607.1309636496,152.2895371541381,
1714939200000,49607.1309636496,49714.47577971406,49601.90179905482,49670.93036258966,834.9633169360459,
1714942800000,49670.93036258966,49736.54962277226,49622.5312043298,49676.83128525689,1050.1897413283587,
1714946400000,49676.83128525689,49712.41162057966,49645.86590218544,49681.02086503059,1072.4028436467052,
1714950000000,49681.02086503059,49761.84039036557,49669.900362109765,49750.64052956924,214.7750597447157,
1714953600000,49750.64052956924,49797.79879000783,49564.32938256115,49569.1323755756,721.9244892708957,
1714957200000,49569.1323755756,49580.56391857378,49309.50411070883,49362.740502141416,529.8086361959577,
1714960800000,49362.740502141416,49410.15570121631,49221.19298417866,49278.658578235656,207.6760678552091,
1714964400000,49278.658578235656,49338.62733759731,49092.94282888807,49152.08505254984,310.7831076718867,
1714968000000,49152.08505254984,49209.54793045111,48952.90142077766,49005.129501864314,816.0372976213694,
1714971600000,49005.129501864314,49045.776897117496,48818.55942082405,48857.42073873803,105.78505778685212,
1714975200000,48857.42073873803,48868.493830932304,48589.10345800035,48639.07496529445,282.34631000086665,
1714978800000,48639.07496529445,48679.12753591128,48563.24862779863,48603.9916742295,317.5907311029732,
1714982400000,48603.9916742295,48663.42191514373,48508.93033398129,48533.663127783686,629.5769446529448,
1714986000000,48533.663127783686,48552.641735056415,48408.37642893009,48445.392583206296,681.5366241149604,
1714989600000,48445.392583206296,48488.29454003647,48333.44058640115,48351.847837165,649.8520052060485,
1714993200000,48351.847837165,48375.97082610987,48214.34322635457,48234.104747053236,823.3921517618,
1714996800000,48234.104747053236,48321.301670238376,48191.09400580451,48309.699609182775,654.7203621827066,
1715000400000,48309.699609182775,48402.67393025942,48272.77549789846,48346.40881872177,208.42015407979488,
1715004000000,48346.40881872177,48438.881705936044,48308.31737162918,48419.84203887358,688.4328768588603,
1715007600000,48419.84203887358,48513.54329799302,48409.44953374751,48486.37466445565,148.29086363315582,
1715011200000,48486.37466445565,48546.521862519905,48465.804913965985,48493.56197825447,1033.0862662754953,
1715014800000,48493.56197825447,48559.137554276735,48452.85347831249,48557.53743392974,790.4577915556729,
1715018400000,48557.53743392974,48699.5621792078,48500.3664436806,48647.81435180828,234.3483696691692,
1715022000000,48647.81435180828,48763.176870590076,48624.85451724753,48731.64655146375,727.8967205435038,
1715025600000,48731.64655146375,48824.52231510542,48684.75841115415,48776.205296535045,862.4860983341932,
1715029200000,48776.205296535045,48880.88118353672,48758.58474753797,48854.20653573051,163.83396312594414,
1715032800000,48854.20653573051,48929.956488158554,48815.077298691496,48882.66175809875,894.8624044656754,
1715036400000,48882.66175809875,48914.30027703196,48851.05271289684,48899.449118789285,805.7747491635382,
1715040000000,48899.449118789285,48959.23103689402,48868.275922102854,48912.01624459773,496.7948383651674,
1715043600000,48912.01624459773,48935.31136548333,48885.392109910026,48895.28234284371,1093.0100361816585,
1715047200000,48895.28234284371,48964.52514810301,48881.078196140006,48960.547375164926,212.34000278636813,
1715050800000,48960.547375164926,48989.392615005374,48942.37156372145,48945.24211471528,772.9983575642109,
1715054400000,48945.24211471528,49042.05882439762,48930.800836734474,48991.01923093572,1026.9200838170946,
1715058000000,48991.01923093572,49083.88624811731,48963.14718383737,49033.2601845935,225.9520435705781,
1715061600000,49033.2601845935,49113.0677682627,48981.7378558144,49077.69435061142,204.7945497557521,
1715065200000,49077.69435061142,49152.84999662824,49066.512777535245,49146.118892773986,141.41317261382937,
1715068800000,49146.118892773986,49292.64827476442,49139.24483765662,49238.59594389424,1070.8273275755346,
1715072400000,49238.59594389424,49314.00673839636,49195.301346980035,49306.51555830985,536.088009737432,
1715076000000,49306.51555830985,49351.15425564721,49272.25426081754,49285.72769767791,1048.2528418302536,
1715079600000,49285.72769767791,49355.579927731305,49226.417867105454,49310.18973745406,198.16898498684168,
1715083200000,49310.18973745406,49377.45807469636,49268.36372141726,49366.845693614334,704.7190870158374,
1715086800000,49366.845693614334,49408.60071442649,49313.13159449771,49373.29422490299,804.455204308033,
1715090400000,49373.29422490299,49414.05714471266,49341.10335905664,49394.83019352332,248.61861383542418,
1715094000000,49394.83019352332,49445.228128965944,49389.76169014722,49416.05724531412,1018.8761599361897,
1715097600000,49416.05724531412,49475.32473830506,49361.7177111581,49447.86599555984,492.01540406793356,
1715101200000,49447.86599555984,49504.73043071851,49412.27357766591,49492.436958149076,818.3141303248703,
1715104800000,49492.436958149076,49602.00741540268,49440.592676920816,49575.91055405885,231.5639205276966,
1715108400000,49575.91055405885,49615.38998273574,49538.28527740762,49605.24928026274,871.6394243761897,
1715112000000,49605.24928026274,49720.56355378777,49597.8087617401,49669.70654080808,767.9932437837124,
1715115600000,49669.70654080808,49775.57398734614,49635.06145854667,49761.67049858719,238.545174151659,
1715119200000,49761.67049858719,49849.270428286865,49755.00837486237,49839.50742509961,514.611607324332,
1715122800000,49839.50742509961,49909.61885539442,49785.54405072518,49900.75126183778,280.4661392234266,
1715126400000,49900.75126183778,49992.42967815511,49900.03633458726,49974.32275170833,272.06251667812467,
1715130000000,49974.32275170833,50023.19840336405,49947.21390061453,49980.946404423565,573.6556205898523,
1715133600000,49980.946404423565,50014.67939337902,49912.58171223104,49962.64460850507,172.24111026152968,
1715137200000,49962.64460850507,50031.47337286547,49937.12022726424,49986.61218388751,290.3880229219794,
1715140800000,49986.61218388751,50070.71847616322,49967.03294661641,50055.01191679016,542.9367682896554,
1715144400000,50055.01191679016,50174.19561094977,50023.775108275935,50131.008218325675,549.4591816328466,
1715148000000,50131.008218325675,50158.67163426429,50079.15046925098,50154.295746937394,818.8039836473763,
1715151600000,50154.295746937394,50200.72343278676,50110.669403515756,50179.722169879824,944.3248090334237,
1715155200000,50179.722169879824,50291.80070739053,50162.590848011896,50275.03981132805,860.6470808386803,
1715158800000,50275.03981132805,50364.128523632884,50273.52312522754,50336.3490563035,536.6972628049552,
1715162400000,50336.3490563035,50448.938741659746,50321.28042002767,50429.494802024215,471.5248731896281,
1715166000000,50429.494802024215,50479.00641795434,50372.71367686242,50453.007927156985,799.5054888539016,
1715169600000,50453.007927156985,50495.38721189089,50232.73886594176,50233.11595809832,589.6983704529703,
1715173200000,50233.11595809832,50262.99779706821,50118.61978362501,50124.31990291178,750.3009633161128,
1715176800000,50124.31990291178,50160.01956865378,50022.282611031085,50070.64373118058,1073.1381349265575,
1715180400000,50070.64373118058,50128.19069449045,49867.279624298215,49877.68690691516,635.3976185433567,
1715184000000,49877.68690691516,49927.890282014385,49639.16150358692,49675.009214218706,205.92807596549392,
1715187600000,49675.009214218706,49732.38499330543,49471.742054626346,49505.34390672296,819.895186368376,
1715191200000,49505.34390672296,49561.10216477141,49330.00685786083,49371.30060765147,807.0199209265411,
1715194800000,49371.30060765147,49412.01434784755,49215.27732622996,49231.801122587174,491.8276531621814,
1715198400000,49231.801122587174,49274.02054967545,48959.73697639257,49012.764160271734,732.048184517771,
1715202000000,49012.764160271734,49058.87933608331,48912.1930392012,48915.84654812887,207.77131840586662,
1715205600000,48915.84654812887,48953.5622520484,48712.34362884611,48736.755466695875,283.2703473046422,
1715209200000,48736.755466695875,48752.398514991626,48670.08489630371,48674.775779072195,981.5554026514292,
1715212800000,48674.775779072195,48788.2581706997,48630.300092233345,48760.246756691486,419.6826623752713,
1715216400000,48760.246756691486,48846.400397241116,48734.99530346133,48789.56189677864,974.1526347585022,
1715220000000,48789.56189677864,48881.63968605548,48758.024492764845,48824.868334751576,868.330302555114,
1715223600000,48824.868334751576,48855.074864622205,48777.6276063025,48820.239384327084,602.2435151040554,
1715227200000,48820.239384327084,48859.62140285596,48764.3043202851,48836.64229204133,955.2036313340068,
1715230800000,48836.64229204133,48931.563906781375,48787.74484114908,48930.79507548362,716.3969771005213,
1715234400000,48930.79507548362,49016.98449572362,48896.49103201926,48976.73985379562,529.6325542964041,
1715238000000,48976.73985379562,48987.921088103205,48937.90831463039,48970.20717506856,684.788326639682,
1715241600000,48970.20717506856,49066.19339852035,48945.29258287139,49058.04003928229,889.0710532665253,
1715245200000,49058.04003928229,49181.62056823447,49019.17068848759,49127.95842769742,295.0742737390101,
1715248800000,49127.95842769742,49208.18364944309,49102.02791011147,49187.67916886136,226.73706421628594,
1715252400000,49187.67916886136,49241.31140983477,49175.265423553064,49225.0525919795,814.6015362814069,
1715256000000,49225.0525919795,49242.190060155466,49185.900317084044,49228.72612177953,1049.9422735534608,
1715259600000,49228.72612177953,49324.68456374854,49227.17433450371,49269.62237514928,361.87215093523264,
1715263200000,49269.62237514928,49347.9572340399,49260.3274267111,49319.20604675263,757.6358457095921,
1715266800000,49319.20604675263,49396.383982840925,49283.016995826736,49393.32631172612,205.902929790318,
1715270400000,49393.32631172612,49461.15844717994,49349.52163814567,49427.12950811535,1061.7895176634192,
1715274000000,49427.12950811535,49555.375161604956,49423.65051102638,49511.52266921103,878.2712397165596,
1715277600000,49511.52266921103,49658.8063721396,49461.085039364174,49608.11618093774,719.6832517161965,
1715281200000,49608.11618093774,49675.613394316286,49554.01178366877,49650.91395967826,752.6527847163379,
1715284800000,49650.91395967826,49716.84991548769,49625.80240102671,49663.23666974902,390.8953297883272,
1715288400000,49663.23666974902,49727.246892357245,49619.76843983866,49720.00995014608,916.1427765153348,
1715292000000,49720.00995014608,49805.58084390685,49690.450303068385,49758.29227074608,525.16331654042,
1715295600000,49758.29227074608,49787.08985745534,49681.0829274673,49739.17878495902,479.668680485338,
1715299200000,49739.17878495902,49763.18201259896,49683.693293206394,49747.95934398845,266.1379891447723,
1715302800000,49747.95934398845,49817.73832271807,49718.13143119402,49785.33259013668,218.104737251997,
1715306400000,49785.33259013668,49916.30019322783,49751.06086832471,49881.91494929418,878.0966558493674,
1715310000000,49881.91494929418,49923.030270660296,49875.51341150701,49890.76677394658,1029.985158611089,
1715313600000,49890.76677394658,50002.89862153493,49873.4009501487,49972.664179340005,996.6811620630324,
1715317200000,49972.664179340005,50015.391528079286,49956.03530026227,49959.420009322464,422.8790834546089,
1715320800000,49959.420009322464,50021.83828396723,49908.2620376274,49983.53032164276,427.7654582634568,
1715324400000,49983.53032164276,49995.18512573838,49971.4691070281,49992.64559565857,805.8760751970112,
1715328000000,49992.64559565857,50098.78580181487,49965.0190816056,50079.89658731595,312.29440439492464,
1715331600000,50079.89658731595,50127.621998364106,50058.62921113521,50065.492098875344,685.2716355584562,
1715335200000,50065.492098875344,50135.02441495843,50046.96450636163,50109.813868712634,121.84631070122123,
1715338800000,50109.813868712634,50222.77480459772,50079.34386156686,50171.68033596128,587.4185272492468,
1715342400000,50171.68033596128,50255.27894859947,50153.96769253537,50224.51965470612,1029.3036507442594,
1715346000000,50224.51965470612,50237.24587806314,50195.965668257326,50213.80866117403,797.9977358132601,
1715349600000,50213.80866117403,50247.94215539843,50191.39982373081,50243.98564011231,744.2369306460023,
1715353200000,50243.98564011231,50282.99123485759,50214.875730140135,50271.35256276652,1040.2839429676533,
1715356800000,50271.35256276652,50362.86466999911,50247.47605388239,50314.526873752475,255.8535103686154,
1715360400000,50314.526873752475,50353.699167201295,50311.52720177546,50339.425265684724,1009.6511290408671,
1715364000000,50339.425265684724,50381.079404369,50313.15618528798,50350.66338302195,895.894403476268,
1715367600000,50350.66338302195,50474.74929790385,50298.139729877934,50446.839245691895,649.8462729156017,
1715371200000,50446.839245691895,50508.69753021933,50443.073497939855,50474.1590828374,150.0060194171965,
1715374800000,50474.1590828374,50594.752957941964,50451.713393993676,50549.17298709974,685.9104320406914,
1715378400000,50549.17298709974,50592.85918133147,50489.675776930526,50573.47290293127,917.5191734917462,
1715382000000,50573.47290293127,50650.74086943269,50538.84510418214,50622.31880701706,437.94924803078175,
1715385600000,50622.31880701706,50672.34994722158,50470.549157584086,50527.6072062701,589.4534959457815,
1715389200000,50527.6072062701,50534.385525692254,50277.07866778225,50318.744279421866,935.8471523970366,
1715392800000,50318.744279421866,50322.11106800102,50045.693534245715,50092.92864290625,616.9708570465446,
1715396400000,50092.92864290625,50105.55516288243,49996.05980059691,50021.52101872116,488.02432687953115,
1715400000000,50021.52101872116,50024.85994546302,49819.8302994445,49865.544960234314,658.536279015243,
1715403600000,49865.544960234314,49897.514336971566,49685.97913586162,49687.562560491264,478.19146597757936,
1715407200000,49687.562560491264,49717.057045591995,49469.31630111858,49470.88482135534,808.1389338709414,
1715410800000,49470.88482135534,49499.78699926846,49292.736404320225,49330.04253388941,979.9482909962535,
1715414400000,49330.04253388941,49379.905472068116,49087.8364924863,49108.449607338756,263.0794513039291,
1715418000000,49108.449607338756,49131.783959778026,48954.52298924886,48996.17136135325,509.87686859443784,
1715421600000,48996.17136135325,49017.61682947725,48792.79957040772,48801.05878973007,247.8634807281196,
1715425200000,48801.05878973007,48845.06833660975,48739.299211228266,48741.97591727227,274.3244235403836,
1715428800000,48741.97591727227,48799.74519326724,48699.28259844519,48769.88741698116,102.54609668627381,
1715432400000,48769.88741698116,48851.46088176593,48716.56972136721,48795.10455900058,317.3723788000643,
1715436000000,48795.10455900058,48887.41842522286,48764.10952852294,48871.004124265164,229.6584252268076,
1715439600000,48871.004124265164,48921.43132176995,48830.18423377536,48920.90278605744,743.0138521827757,
1715443200000,48920.90278605744,48955.12898703851,48864.79857459292,48899.98406044766,318.39825389906764,
1715446800000,48899.98406044766,49014.081110334024,48891.145483028144,48970.30622458458,996.4711762964725,
1715450400000,48970.30622458458,48973.07008328289,48914.46525852382,48967.89220811054,513.6822186410427,
1715454000000,48967.89220811054,49040.9456294775,48910.90272710845,49033.252597376704,674.9839241616428,
1715457600000,49033.252597376704,49057.707366326824,48997.394402101636,49042.49390923232,1053.610516153276,
1715461200000,49042.49390923232,49184.80119287595,49032.834358287975,49131.10116580129,1074.5874581858516,
1715464800000,49131.10116580129,49187.074646955356,49119.071556743234,49123.99991251901,1097.878445778042,
1715468400000,49123.99991251901,49170.3304934632,49097.37417197041,49114.08694160357,850.1284400932491,
1715472000000,49114.08694160357,49159.89428034052,49082.68166471459,49158.860945515335,557.2451328858733,
1715475600000,49158.860945515335,49221.623406780884,49101.852061832324,49197.929664652795,217.46879294514656,
1715479200000,49197.929664652795,49255.1639607884,49192.00457393937,49211.68828475848,221.72162998467684,
1715482800000,49211.68828475848,49298.560025360435,49159.24424874224,49293.8791853413,424.90018056705594,
1715486400000,49293.8791853413,49363.986719056964,49286.92304096557,49330.461674809456,1006.1215780675411,
1715490000000,49330.461674809456,49397.490416774526,49319.42269467004,49365.52056858316,705.8094641193748,
1715493600000,49365.52056858316,49484.118833214045,49305.83855024539,49436.8819873482,597.8014165535569,
1715497200000,49436.8819873482,49543.107979182154,49377.61597345397,49510.02948160842,768.6294199898839,
1715500800000,49510.02948160842,49653.237438047305,49480.90879384987,49602.74023281783,549.1477678529918,
1715504400000,49602.74023281783,49746.07662848383,49601.41354216635,49692.53833470121,142.8011231124401,
1715508000000,49692.53833470121,49704.480658359826,49686.071777205914,49703.60018240288,843.8113796524704,
1715511600000,49703.60018240288,49786.15903383866,49657.06612366252,49759.93920684606,984.5330402255058,
1715515200000,49759.93920684606,49811.98049179837,49702.09734286927,49768.14278354496,865.0745227001607,
1715518800000,49768.14278354496,49872.70923644677,49760.82823583484,49815.2041076906,1057.4305820278823,
1715522400000,49815.2041076906,49921.91250409186,49795.2864972353,49901.76558750868,1094.6269220672548,
1715526000000,49901.76558750868,49911.18658987805,49901.332432238385,49904.82456242666,200.89744813740253,
1715529600000,49904.82456242666,50022.25863052346,49897.32286022976,49997.12773901224,417.5394171848893,
1715533200000,49997.12773901224,50061.916008261964,49987.775355398655,50055.70786704868,856.5807108767331,
1715536800000,50055.70786704868,50153.16995410621,50034.60358295217,50127.262629609555,467.31012957170606,
1715540400000,50127.262629609555,50182.723028177395,50122.05252149515,50159.01706959307,481.99471216648817,
1715544000000,50159.01706959307,50302.48750803992,50130.93250545859,50255.68610550836,248.5308688133955,
1715547600000,50255.68610550836,50325.23999848217,50249.45859315805,50313.44400617108,107.95924291014671,
1715551200000,50313.44400617108,50379.11615071446,50283.4061823301,50376.9406558536,1087.3179593123496,
1715554800000,50376.9406558536,50382.70147651993,50310.69268226996,50365.91994513199,541.2152380682528,
1715558400000,50365.91994513199,50457.666917929426,50336.299775348976,50434.5946463123,229.07818472012877,
1715562000000,50434.5946463123,50562.78398528695,50404.26496091485,50517.163494341075,561.8217330425978,
1715565600000,50517.163494341075,50519.12870870903,50492.30374851078,50516.48099728674,418.1638573296368,
1715569200000,50516.48099728674,50656.85701290704,50463.646094294265,50606.79825475067,496.92184841260314,
1715572800000,50606.79825475067,50697.18604506366,50562.315137466416,50661.52792986855,840.3083061799407,
1715576400000,50661.52792986855,50759.058837883174,50627.76857655868,50744.27639319748,798.6190541647375,
1715580000000,50744.27639319748,50820.54909422062,50738.657100547105,50764.75169321522,325.54173320531845,
1715583600000,50764.75169321522,50783.304970897734,50729.65960304998,50744.91166881099,850.8993204683065,
1715587200000,50744.91166881099,50847.14609089866,50735.621279289946,50828.658075496554,445.25517001748085,
1715590800000,50828.658075496554,50932.719632642344,50814.02869020216,50899.99333015084,1078.3365917392075,
1715594400000,50899.99333015084,50973.990915913135,50889.93191156909,50938.44525085017,306.7152392119169,
1715598000000,50938.44525085017,50974.65873658657,50884.39033838175,50962.88596980274,846.2403099052608,
1715601600000,50962.88596980274,51021.127452021465,50858.111453056335,50866.10010460019,288.21294186636806,
1715605200000,50866.10010460019,50877.392672766,50629.95969793759,50639.36601359397,1021.6517279855907,
1715608800000,50639.36601359397,50683.86204241775,50498.8525220938,50557.00040636584,283.05444996804,
1715612400000,50557.00040636584,50607.68468732014,50316.6603412386,50327.03332077712,532.3230902664363,
1715616000000,50327.03332077712,50374.49332159944,50259.60444786586,50266.73844868317,780.2398595027626,
1715619600000,50266.73844868317,50311.22315998189,50059.55236968584,50100.81476939842,329.3683057650924,
1715623200000,50100.81476939842,50108.176149958745,49997.031389288604,50007.35948108137,944.2163760773838,
1715626800000,50007.35948108137,50015.98761193454,49933.420207146555,49947.781830560416,385.4487169533968,
1715630400000,49947.781830560416,49956.62282593548,49671.051416052505,49721.26465380192,652.8950854204595,
1715634000000,49721.26465380192,49755.02868843265,49492.50313070603,49525.44240254909,1001.141510810703,
1715637600000,49525.44240254909,49571.35121224448,49316.52013821527,49353.26889779419,502.8651970438659,
1715641200000,49353.26889779419,49382.25454976782,49162.74712485261,49198.57588106766,360.96504274755716,
1715644800000,49198.57588106766,49215.98148758523,49144.448880150914,49181.46155568585,943.6767538078129,
1715648400000,49181.46155568585,49228.79559510946,49169.02874920331,49213.46892200038,603.5340092144907,
1715652000000,49213.46892200038,49330.87739743665,49202.627118617296,49279.6741200462,525.262754317373,
1715655600000,49279.6741200462,49315.38612310961,49248.75356990285,49284.570251677185,942.5625059753656,
1715659200000,49284.570251677185,49290.50172814354,49210.590412663296,49263.97341970354,172.17537239193916,
1715662800000,49263.97341970354,49371.72540940158,49236.20153355412,49325.80880797282,217.1942432411015,
1715666400000,49325.80880797282,49440.06779798865,49309.775595774874,49393.44868134335,901.7796133644879,
1715670000000,49393.44868134335,49416.05781710148,49379.05951524712,49397.141211017966,263.1317394785583,
1715673600000,49397.141211017966,49480.74620764889,49383.98941843212,49468.01443751156,131.91284369677305,
1715677200000,49468.01443751156,49589.27494761534,49437.85825482756,49529.61273621768,919.6705095469952,
1715680800000,49529.61273621768,49614.68678160384,49473.35308915004,49593.590149737895,668.6319591477513,
1715684400000,49593.590149737895,49624.59697710164,49543.43331797607,49588.484054837376,855.3758486174047,
1715688000000,49588.484054837376,49727.234408747405,49564.21033041179,49683.31748184189,115.45365015044808,
1715691600000,49683.31748184189,49761.95011234097,49633.702726842836,49703.38342166692,190.31980391591787,
1715695200000,49703.38342166692,49784.76843422279,49643.76943834312,49760.768857486546,944.1896862350404,
1715698800000,49760.768857486546,49808.13377358019,49717.20959133282,49747.678397323936,205.5206679739058,
1715702400000,49747.678397323936,49774.78639578074,49715.22043386288,49755.715255342424,765.9011710435152,
1715706000000,49755.715255342424,49878.534650769085,49734.69199278951,49820.52556243166,613.1884654983878,
1715709600000,49820.52556243166,49923.265448121354,49783.202008422464,49907.529914185405,356.27629458904266,
1715713200000,49907.529914185405,49959.196615379304,49846.403779564425,49888.945972174406,186.21439384296536,
1715716800000,49888.945972174406,49986.64108633809,49844.59944191389,49972.45478761196,762.5786828808486,
1715720400000,49972.45478761196,50065.544648222625,49944.806903645396,50055.24605726451,858.8823195546865,
1715724000000,50055.24605726451,50184.8229450956,50010.975620882586,50138.41274766624,667.2416314482689,
1715727600000,50138.41274766624,50178.73567975499,50069.05140298605,50124.46321998909,791.3037742488086,
1715731200000,50124.46321998909,50233.22415957227,50078.7502552215,50220.1270711422,858.7913442403078,
1715734800000,50220.1270711422,50228.47122730687,50175.65533905104,50216.89895980805,303.5573795437813,
1715738400000,50216.89895980805,50229.47223178856,50159.94652385451,50199.21328032017,507.484068069607,
1715742000000,50199.21328032017,50224.9063547384,50170.3589858152,50188.16237010434,541.8674446642399,
1715745600000,50188.16237010434,50236.38734369725,50163.181120095775,50223.460172481835,1051.3223473913968,
1715749200000,50223.460172481835,50269.46620233357,50184.46162258461,50267.23594514653,948.4981465153396,
1715752800000,50267.23594514653,50271.18909546174,50210.220408353955,50250.395071756095,861.7794391699135,
1715756400000,50250.395071756095,50262.95720717497,50209.92808992788,50262.43116382137,635.9280835837126,
1715760000000,50262.43116382137,50332.26331203617,50236.924842061475,50287.700532250106,530.9834921732545,
1715763600000,50287.700532250106,50417.831739254296,50232.54175976291,50359.529655233026,693.5592232272029,
1715767200000,50359.529655233026,50446.55191869475,50311.94430338405,50404.20720797032,872.4899495951831,
1715770800000,50404.20720797032,50508.19039507583,50361.5716052521,50486.966698307544,529.9037856981158,
1715774400000,50486.966698307544,50626.97153660096,50428.582339089364,50576.67978221178,197.36762521788478,
1715778000000,50576.67978221178,50637.04008086026,50570.81349795312,50629.40495837852,648.2772486284375,
1715781600000,50629.40495837852,50738.76608564705,50601.385675858706,50720.881592642516,285.7272922061384,
1715785200000,50720.881592642516,50801.40207989141,50714.60423316993,50800.98747475073,324.3454484269023,
1715788800000,50800.98747475073,50812.84542371519,50761.46916535497,50789.41763912141,575.1877747476101,
1715792400000,50789.41763912141,50917.54588391259,50752.94886866398,50874.676291398704,191.96413680911064,
1715796000000,50874.676291398704,50902.87145284563,50859.989406805485,50860.34497680515,127.08041109144688,
1715799600000,50860.34497680515,50909.5837673489,50824.058283606544,50844.29398597404,236.09101111069322,
1715803200000,50844.29398597404,50879.387734439224,50812.86560707912,50871.729656383395,600.4853154532611,
1715806800000,50871.729656383395,50934.48698915355,50863.53825612925,50910.78221638501,1074.819234572351,
1715810400000,50910.78221638501,50948.85746617429,50856.464843450114,50941.17591898516,608.8396961800754,
1715814000000,50941.17591898516,50992.22970971465,50907.01314805448,50932.026450600475,729.8990775831044,
1715817600000,50932.026450600475,50934.051903191954,50715.55739377998,50724.94353386015,608.797187358141,
1715821200000,50724.94353386015,50781.19029956311,50626.65697162412,50639.12803708017,142.29726921766996,
1715824800000,50639.12803708017,50661.11671913788,50421.11636977084,50445.32340444997,497.00590586289763,
1715828400000,50445.32340444997,50480.676954196766,50182.015513166785,50241.84891742095,711.1538303084671,
1715832000000,50241.84891742095,50278.72658078,50050.22745794989,50091.58662164956,610.3400214575231,
1715835600000,50091.58662164956,50105.847394814715,49836.41440729052,49879.73258294538,420.89092629030347,
1715839200000,49879.73258294538,49920.395671831444,49717.80388540961,49719.37856749073,860.0137698464096,
1715842800000,49719.37856749073,49767.29783421755,49471.37676357664,49504.95915325731,703.6101374775171,
1715846400000,49504.95915325731,49515.787270529196,49401.31294964254,49439.83414249867,235.64702263101935,
1715850000000,49439.83414249867,49465.40459059551,49375.611174724996,49393.27626012638,481.3814534805715,
1715853600000,49393.27626012638,49407.043440923095,49153.60347649455,49187.59547327086,938.277047034353,
1715857200000,49187.59547327086,49202.56592387706,49095.20944186859,49152.38347994536,308.6224425584078,
1715860800000,49152.38347994536,49277.536794042215,49113.39624718204,49219.98738405481,235.13158913701773,
1715864400000,49219.98738405481,49296.857158411294,49182.328895397484,49268.109786678106,351.72796892002225,
1715868000000,49268.109786678106,49278.067730804905,49224.71583559923,49245.17976215854,470.623788330704,
1715871600000,49245.17976215854,49338.02918634005,49231.52526861802,49308.29915931076,621.1233370937407,
1715875200000,49308.29915931076,49383.472610333934,49249.78512914479,49365.367775954306,773.999983817339,
1715878800000,49365.367775954306,49393.58594723418,49302.511077674106,49346.641752526164,942.356032691896,
1715882400000,49346.641752526164,49407.31811100617,49292.52154729515,49398.58797462657,846.6876860707998,
1715886000000,49398.58797462657,49471.937667688355,49387.72568668239,49448.203240305185,819.0377144142985,
1715889600000,49448.203240305185,49493.711111413315,49403.129315018654,49429.7882953994,636.043792963028,
1715893200000,49429.7882953994,49444.14853987843,49394.59852474183,49418.51491796225,127.91861025616527,
1715896800000,49418.51491796225,49421.03093853593,49341.421260062605,49397.98195609078,579.6036770567298,
1715900400000,49397.98195609078,49496.118246559054,49391.43706409447,49479.335087798536,1003.0860303901136,
1715904000000,49479.335087798536,49507.63837990351,49458.72901866026,49461.56114938483,492.3615566454828,
1715907600000,49461.56114938483,49523.746597222984,49429.4179247953,49480.31210466847,457.8877807594836,
1715911200000,49480.31210466847,49513.659278810024,49467.85333641432,49494.156095352024,467.1734114177525,
1715914800000,49494.156095352024,49517.16350087337,49429.06753980741,49473.45473266393,699.2954983375967,
1715918400000,49473.45473266393,49553.220297461376,49458.47144067474,49515.35777319223,260.2377062663436,
1715922000000,49515.35777319223,49624.936685858294,49514.36896602623,49600.246803209186,1099.84340230003,
1715925600000,49600.246803209186,49662.78221333027,49595.616646071896,49633.02796961367,1088.2688014768064,
1715929200000,49633.02796961367,49748.63119564392,49574.72495190427,49728.11244573817,403.25099686160684,
1715932800000,49728.11244573817,49743.837617909536,49687.738586992025,49720.522745933384,929.4958844780922,
1715936400000,49720.522745933384,49744.366356711835,49684.97973782197,49731.3212913461,210.3054848499596,
1715940000000,49731.3212913461,49853.99061128311,49705.69524555467,49824.12836045772,620.8796146325767,
1715943600000,49824.12836045772,49834.62648203224,49785.675019415095,49831.774360887706,299.428073130548,
1715947200000,49831.774360887706,49878.847446354106,49805.7397437226,49819.70852082968,724.8927982524037,
1715950800000,49819.70852082968,49922.02962671593,49767.4963472262,49892.247966017574,634.6602112986147,
1715954400000,49892.247966017574,49939.090792192146,49853.36452462897,49899.76248908788,1025.1339989714324,
1715958000000,49899.76248908788,49973.07574850321,49847.10336022079,49916.75916126743,987.1086919680238,
1715961600000,49916.75916126743,49975.42723790556,49908.86111351289,49912.72078962624,759.7780082374811,
1715965200000,49912.72078962624,50042.7951280158,49890.28985944204,49997.74792893231,816.4053781889379,
1715968800000,49997.74792893231,50098.14944817871,49960.30962798186,50048.671071689576,1065.0788861326873,
1715972400000,50048.671071689576,50152.34869662672,50020.62318707071,50109.56010280177,842.636302486062,
1715976000000,50109.56010280177,50162.93800584786,50068.653582884,50124.24365659058,1074.5644382201135,
1715979600000,50124.24365659058,50173.28171790391,50088.19344378635,50119.37308791652,202.83953370526433,
1715983200000,50119.37308791652,50222.301587074995,50101.320798905566,50194.88203509152,103.25044430792332,
1715986800000,50194.88203509152,50221.681764865294,50144.844557775185,50191.63042894751,702.3703683167696,
1715990400000,50191.63042894751,50237.92731612176,50142.88081437349,50185.055016148835,799.7839617542922,
1715994000000,50185.055016148835,50260.29607177526,50152.23743719049,50212.406969338655,425.6902480497956,
1715997600000,50212.406969338655,50292.98178710602,50182.20944330841,50255.33502498269,748.343148175627,
1716001200000,50255.33502498269,50276.19296293147,50251.857336560264,50272.832906641066,1017.9017348214984,
1716004800000,50272.832906641066,50330.50246363692,50243.81997249462,50285.92998643592,793.8921106047928,
1716008400000,50285.92998643592,50325.84195722081,50216.011430211365,50268.91945024952,267.27075120434165,
1716012000000,50268.91945024952,50354.5904016383,50259.35924232006,50347.76556041837,924.849549215287,
1716015600000,50347.76556041837,50450.42364395782,50290.62917139195,50397.23016323149,671.1391153745353,
1716019200000,50397.23016323149,50433.955860450864,50376.649272548035,50378.14832879603,136.78583726286888,
1716022800000,50378.14832879603,50474.18954001926,50327.241167197004,50461.91609637067,1051.8206543289125,
1716026400000,50461.91609637067,50594.600276350975,50440.47755010612,50547.23821043968,420.6415376625955,
1716030000000,50547.23821043968,50596.55679396354,50470.040483780205,50524.45609845966,398.0234930291772,
1716033600000,50524.45609845966,50579.8791914694,50361.26452266984,50398.79152041674,967.4582652747631,
1716037200000,50398.79152041674,50440.654916305095,50273.58105796203,50325.26943207532,783.9755824767053,
1716040800000,50325.26943207532,50342.30493750237,50196.713385486975,50254.211480401456,110.34773979336023,
1716044400000,50254.211480401456,50291.773198449984,50174.800497477874,50184.725828289986,412.1214699931443,
1716048000000,50184.725828289986,50219.16572256759,49909.75752989575,49965.292632736266,994.5845575071871,
1716051600000,49965.292632736266,49986.63692908175,49764.516476623714,49765.269066978246,248.07233167812228,
1716055200000,49765.269066978246,49794.76943813078,49600.20063578896,49606.88382739946,505.30068427324295,
1716058800000,49606.88382739946,49614.89792726748,49389.36481255852,49420.16444480792,499.4404277764261,
1716062400000,49420.16444480792,49424.034425856546,49219.184425769374,49234.82025517896,238.3633529767394,
1716066000000,49234.82025517896,49291.39564619213,49088.09554090537,49093.60450549796,539.4806050695479,
1716069600000,49093.60450549796,49121.99466309324,48863.44333363511,48877.98528617993,701.031556725502,
1716073200000,48877.98528617993,48897.00126855448,48688.11794368364,48701.24172492698,729.7478880733252,
1716076800000,48701.24172492698,48741.078132770956,48620.11151641235,48679.380712691694,836.8787210434675,
1716080400000,48679.380712691694,48754.629194851965,48659.308038927615,48745.489215649664,278.60945919528604,
1716084000000,48745.489215649664,48751.54680871591,48733.81020084396,48751.28010382131,837.0296576991677,
1716087600000,48751.28010382131,48788.26883823611,48707.04697665945,48783.92495723441,153.71463671326637,
1716091200000,48783.92495723441,48884.260215524584,48724.642700133845,48833.088593844324,726.8482287414372,
1716094800000,48833.088593844324,48835.037015208974,48803.350193711,48823.843932855874,215.91635923832655,
1716098400000,48823.843932855874,48877.12831772491,48784.509777979925,48812.88980266452,507.00817201286554,
1716102000000,48812.88980266452,48891.18462634459,48788.74596166797,48848.9184695594,585.5859884992242,
1716105600000,48848.9184695594,48905.64446481876,48841.48663904704,48882.33588935807,343.1335123255849,
1716109200000,48882.33588935807,48883.55362309143,48846.71778450534,48874.79483951628,228.39912855997682,
1716112800000,48874.79483951628,48962.17797182128,48859.265118435025,48928.71255302429,817.477479018271,
1716116400000,48928.71255302429,49006.434805629775,48910.37307492085,48980.0417005308,964.068066701293,
1716120000000,48980.0417005308,49073.860056178644,48958.45398488827,49025.848820611835,830.0607189536095,
1716123600000,49025.848820611835,49086.72614636831,49008.49440570176,49037.810320444405,990.9261580556631,
1716127200000,49037.810320444405,49124.77379770763,49019.163961587474,49071.454920999706,644.2720241844654,
1716130800000,49071.454920999706,49169.303439833224,49031.761659912765,49122.14842777327,995.9461012855172,
1716134400000,49122.14842777327,49173.12243021466,49074.8942603413,49142.17191320285,276.67928291484714,
1716138000000,49142.17191320285,49162.55153592117,49120.975545711815,49140.17477269471,1035.607937630266,
1716141600000,49140.17477269471,49235.33691195771,49121.12060994096,49182.78773030266,737.0567148551345,
1716145200000,49182.78773030266,49186.45817508921,49109.6477063261,49165.97635489702,973.8795500248671,
1716148800000,49165.97635489702,49266.230008011684,49151.67285626568,49234.35556308925,833.8287816382945,
1716152400000,49234.35556308925,49270.41283213906,49188.94675498456,49253.76635084301,645.4833628609776,
1716156000000,49253.76635084301,49275.932304481044,49230.17414949089,49230.96164225787,327.003906853497,
1716159600000,49230.96164225787,49284.05396995321,49184.494072627276,49226.0793001391,978.0942899174988,
1716163200000,49226.0793001391,49303.56880643219,49179.176985081285,49244.96446153894,899.5350519195199,
1716166800000,49244.96446153894,49307.96884422749,49219.271820157766,49303.516375251114,221.33728992193937,
1716170400000,49303.516375251114,49434.74978352338,49262.87593644671,49388.94901303947,459.0322993695736,
1716174000000,49388.94901303947,49474.71739418991,49380.11077835597,49432.10126514733,277.56525333970785,
1716177600000,49432.10126514733,49462.788363976404,49395.99040815607,49425.37348493934,527.0683098584414,
1716181200000,49425.37348493934,49554.067057192326,49417.1007115487,49510.84285228327,568.7315002083778,
1716184800000,49510.84285228327,49560.675754135475,49447.09673782438,49495.815387215465,1053.4844704903662,
1716188400000,49495.815387215465,49557.225855182856,49441.22230859101,49524.64811871201,796.0036219097674,
1716192000000,49524.64811871201,49641.00633950159,49484.501707576215,49605.38436425105,473.2177861966193,
1716195600000,49605.38436425105,49684.74088055082,49547.28474834189,49682.642788402736,132.5695825740695,
1716199200000,49682.642788402736,49721.08167960122,49677.85146037117,49709.68139464781,359.1403592377901,
1716202800000,49709.68139464781,49788.742574812844,49674.76529991999,49746.90923299268,157.78113193809986,
1716206400000,49746.90923299268,49791.44347910397,49709.24276247062,49745.69064550474,519.2192605696619,
1716210000000,49745.69064550474,49827.52942043543,49706.802843123674,49802.11254668608,714.9772284552455,
1716213600000,49802.11254668608,49916.986857019365,49783.55703477934,49882.08789920434,646.2697152979672,
1716217200000,49882.08789920434,49987.98741199821,49872.34347349964,49944.71253390238,235.09011175483465,
1716220800000,49944.71253390238,49964.07427682355,49941.12276051752,49943.124516714364,519.5639486424625,
1716224400000,49943.124516714364,49949.77805446461,49908.3193374183,49941.97676988691,805.2131071686745,
1716228000000,49941.97676988691,49982.337233006954,49895.489799030125,49944.80838607252,361.26743014901876,
1716231600000,49944.80838607252,50020.86370947771,49890.99201105721,49998.596447855234,436.401610635221,
1716235200000,49998.596447855234,50042.851057553664,49984.99779681675,50008.421380229294,720.8694004453719,
1716238800000,50008.421380229294,50041.09305238165,49988.77773730643,49998.87875331193,483.98178154602647,
1716242400000,49998.87875331193,50087.34835930541,49977.741415152326,50060.14713662118,179.5416897162795,
1716246000000,50060.14713662118,50172.85840422101,50041.39330254309,50134.485519278795,363.89535889029503,
